Identifier,Gene,Mutation,Class,AF,Population
1,rho,I15N,Non_Synonymous,94.8,S607-3
2,rho,I15N,Non_Synonymous,59.1,S607-4
3,rho,V11A,Non_Synonymous,39.4,S607-4
4,rpoB,G907S,Non_Synonymous,58.2,S607-4
5,rpsE,G91C,Non_Synonymous,65,S607-3
6,rpsE,G91C,Non_Synonymous,44.3,S607-4
7,nusA,T72N,Non_Synonymous,46.6,S607-1
8,nusA,T72A,Non_Synonymous,8,S607-1
9,nusA,W62R,Non_Synonymous,30,S607-1
10,stpA,frame,Small_indel,8.9,S607-3
11,yegE,frame,Small_indel,48.7,S607-4
12,lon,intergenic,Intergenic_snp,23.8,S607-3
13,proQ,frame,Small_indel,12.2,S607-4
14,spoT,R701L,Non_Synonymous,52.1,S607-3
15,spoT,R487H,Non_Synonymous,9,S607-4
16,araB,frame,Small_indel,8.2,S607-3
17,nadR,frame,Small_indel,100,S607-1
18,nadR,frame,Small_indel,100,S607-3
19,mrdA,D354A,Non_Synonymous,43.5,S607-4
20,nmpC,pseudogene,Small_indel,47.1,S607-4
21,ECB_01992,frame,Small_indel,100,S607-2
22,thiC/rsd,intergenic,Intergenic_snp,56.5,S607-1
23,waaW,frame,Small_indel,10.1,S607-1
24,rpsE,G91S,Non_Synonymous,35.1,S606-3
25,rpsE,G91A,Non_Synonymous,93.6,S606-4
26,ycjW,frame,Small_indel,62.7,S606-2
27,ycjW,frame,Small_indel,38.6,S606-3
28,yhbH,frame,Small_indel,37.2,S606-2
29,yhbH,frame,Small_indel,46.2,S606-3
30,lon,intergenic,Small_indel,25.8,S606-3
31,lon,intergenic,Intergenic_snp,89.1,S606-1
32,lon,intergenic,Small_indel,17.2,S606-2
33,lon,intergenic,Large_deletion,97.5,S606-4
34,cspE/ccrB,intergenic,Intergenic_snp,10.5,S606-2
35,hemF,W124R,Non_Synonymous,21.8,S606-2
36,hemF,frame,Small_indel,21.7,S606-3
37,yhcC/gltB,intergenic,Small_indel,48.9,S606-2
38,spoT,N208Y,Non_Synonymous,21.5,S606-2
39,rfB,frame,Small_indel,6,S606-1
40,trkH,T20P,Non_Synonymous,21.5,S606-3
41,trkH,S349A,Non_Synonymous,89.1,S606-1
42,ybaE,A257V,Non_Synonymous,7.6,S606-4
43,mreB,G117S,Non_Synonymous,70,S606-4
44,mreC,H179R,Non_Synonymous,8.7,S606-4
45,gyrB,R732H,Non_Synonymous,7,S606-1
46,gyrB,R732H,Non_Synonymous,31,S606-2
47,thiC/rsd,intergenic,Intergenic_snp,17.9,S606-1
48,thiC/rsd,intergenic,Intergenic_snp,18.3,S606-2
49,ECB_02621,frame,Large_deletion,87.8,S606-1
50,ECB_00664/yhhl,intergenic,Intergenic_snp,7.1,S606-4
51,waaW,V268I,Non_Synonymous,5.5,S606-4
52,nusA,D466N,Non_Synonymous,27.8,F607-3
53,rho,I15N,Non_Synonymous,100,F607-1
54,rho,I15N,Non_Synonymous,77.4,F607-2
55,rho,I15N,Non_Synonymous,20.6,F607-3
56,rho,I15N,Non_Synonymous,100,F607-4
57,rho,I15S,Non_Synonymous,30.9,F607-3
58,rho,V11A,Non_Synonymous,15.5,F607-2
59,rho,V11A,Non_Synonymous,42.2,F607-3
60,rpsA,D160V,Non_Synonymous,38.9,F607-3
61,rpsE,C112S,Non_Synonymous,59.2,F607-2
62,rpsE,C112S,Non_Synonymous,21.8,F607-3
63,rpsE,G91S,Non_Synonymous,12.4,F607-3
64,yegE,T778P,Non_Synonymous,22.1,F607-3
65,lon,intergenic,Intergenic_snp,14,F607-2
66,fabF,I115N,Non_Synonymous,56.5,F607-1
67,mreD,F34S,Non_Synonymous,32,F607-1
68,yhjN,frame,Small_indel,60.5,F607-2
69,yhjN,frame,Small_indel,7.3,F607-3
70,yhjO,frame,Small_indel,7.3,F607-2
71,nadR,frame,Small_indel,80.5,F607-2
72,nadR,frame,Small_indel,80.5,F607-4
73,nadR,frame,Small_indel,21.5,F607-3
74,thiC/rsd,intergenic,Intergenic_snp,50,F607-1
75,yhjH/kdgK,intergenic,Intergenic_snp,50.1,F607-1
76,yqaB,A70A,Synonymous,10.1,F607-2
77,yieL,W29R,Non_Synonymous,10.4,F607-3
78,yibD,I192I,Synonymous,11.3,F607-4
79,ycjW,frame,Small_indel,12.5,F606-1
80,elaD,frame,Small_indel,100,F606-4
81,yjeH/groES,intergenic,Small_indel,100,F606-2
82,lon,D445E,Non_Synonymous,6.7,F606-3
83,lon,intergenic,Intergenic_snp,8.3,F606-1
84,lon,intergenic,Intergenic_snp,71.3,F606-1
85,lon,intergenic,Large_deletion,94,F606-2
86,lon,intergenic,Large_deletion,94,F606-4
87,hemF,frame,Small_indel,51.3,F606-2
88,dsdA,I265T,Non_Synonymous,6.1,F606-1
89,metA,I124L,Non_Synonymous,13.7,F606-1
90,mrdA,D354A,Non_Synonymous,61.5,F606-3
91,mrdA,N428D,Non_Synonymous,14.3,F606-3
92,mrdB,R208S,Non_Synonymous,57.6,F606-1
93,mreD,V161A,Non_Synonymous,5.8,F606-3
94,rpmH,frame,Small_indel,6,F606-1
95,rho,R221C,Non_Synonymous,55.4,R607-1
96,rho,H298Y,Non_Synonymous,34.6,R607-1
97,rho,I15N,Non_Synonymous,100,R607-2
98,rho,I15N,Non_Synonymous,100,R607-3
99,rho,I15N,Non_Synonymous,100,R607-4
100,lon,E4E,Synonymous,13,R607-2
101,lon,intergenic,Intergenic_snp,100,R607-1
102,lon,intergenic,Intergenic_snp,100,R607-3
103,lon,intergenic,Intergenic_snp,100,R607-4
104,deaD,D321A,Non_Synonymous,53.3,R607-2
105,deaD,L40Q,Non_Synonymous,7.4,R607-2
106,deaD,frame,Small_indel,39.5,R607-3
107,mrdA,Y397S,Non_Synonymous,100,R607-4
108,dacA,K76T,Non_Synonymous,100,R607-1
109,mreC,L84Q,Non_Synonymous,8.8,R607-3
110,yjiY/hpaC,intergenic,Intergenic_snp,94.2,R607-3
111,icdA,D158D,Synonymous,5.8,R607-2
112,nadR,frame,Small_indel,100,R607-1
113,nadR,frame,Small_indel,100,R607-4
114,yeaP/yeaQ,intergenic,Intergenic_snp,5.5,R607-4
115,lon,intergenic,Large_deletion,72.4,R606-1
116,lon,intergenic,Intergenic_snp,100,R606-2
117,fadH,L216L,Synonymous,6.1,R606-3
118,lon,intergenic,Intergenic_snp,100,R606-4
119,deaD,frame,Large_deletion,60.2,R606-1
120,mrdA,V175I,Non_Synonymous,18.6,R606-2
121,mrdA,D354A,Non_Synonymous,6.1,R606-2
122,napA,frame,Small_indel,100,R606-3
123,mreC,S141C,Non_Synonymous,9.5,R606-4
124,mreC,R113S,Non_Synonymous,7.5,R606-4
125,mrdA,D312A,Non_Synonymous,52.3,R606-1
126,mrdB,S37N,Non_Synonymous,65.2,R606-2
127,edd/zwf,intergenic,Intergenic_snp,100,R606-3
128,mreD,P28L,Non_Synonymous,35,R606-4
129,mreD,P36L,Non_Synonymous,17,R606-4
130,mreC,frame,Small_indel,33.3,R606-1
131,sapA,Y187N,Non_Synonymous,59.1,R606-2
132,pstA,W264*,Stop,12.3,R606-2
133,gyrB,R732H,Non_Synonymous,100,R606-3
134,waaL,G101R,Non_Synonymous,23.5,R606-4
135,insC/ECB_01906,intergenic,Small_indel,8.3,R606-1
136,thiC/rsd,intergenic,Intergenic_snp,100,R606-3
137,proQ,frame,Small_indel,100,R606-3
138,lon,frame,Large_amplification,48.9,R606-3
139,ECB_01992,frame,Large_deletion,18.5,R606-2
140,lon,frame,Large_amplification,49.7,F606-3
141,yjeH/groES,frame,Large_amplification,62.7,F606-4
142,cspA,frame,Large_deletion,82.8,F607-4
143,elaD,frame,Large_deletion,14.5,S606-3
144,fabF,frame,Large_deletion,32.5,S607-2
145,yjeH/groES,frame,Large_amplification,58,S607-1
146,yjeH/groES,frame,Large_amplification,71.6,S607-2
